order_count,distance_uncharge,distance_charge,max_dist,obj_uncharge,obj_charge,num_veh,battery_swapping,average_order,scenario
38,15.97864652590503,15.97864652590503,5.113150732598456,15.97864652590503,15.97864652590503,4,0,40,1
31,15.65810145774044,15.65810145774044,5.7076447487790025,15.65810145774044,15.65810145774044,3,0,40,2
32,14.496655150558615,14.496655150558615,5.0781475635975,14.496655150558615,14.496655150558615,4,0,40,3
31,17.283224178855928,17.283224178855928,7.197866206022344,17.283224178855928,17.283224178855928,3,0,40,4
34,13.412141001901402,13.412141001901402,5.924124175127692,13.412141001901402,13.412141001901402,3,0,40,5
